conversation_id,merged_user_text,timestamp
9f1fad6e-0bc9-4fdf-b0e8-dc6da287b031,"user mesajı 1. Kına
user mesajı 2. Diyarbakır’da hem düğün hem kına
user mesajı 3. 2 ay sonra düşünüyoruz 700 davetli gelecek ikram olarak içecek ve ,pasta ve meşrubat istiyoruz
user mesajı 4. Mekan ve fotoğraf ,100 bin tl bütçemiz var kapalı alanda
user mesajı 5. Davet sayısını 600 e çekelim o zaman",2025-06-10 19:33:51
9f1fb51c-a029-4691-973d-63772a5f82ab,"user mesajı 1. Düğün
user mesajı 2. Adıyaman Kahta
user mesajı 3. Ağustos ayı
user mesajı 4. 200 e Yakın
user mesajı 5. Yemekli
user mesajı 6. Açık yada kapalı düğün salonu
user mesajı 7. 500
user mesajı 8. Adıyaman Kahta köşk düğün salonu",2025-06-10 19:55:19
9f1fb55f-544f-4c63-bcf0-4bba9aa984d5,"user mesajı 1. Kına
user mesajı 2. Abiye istiyorum
user mesajı 3. İstanbul Türkiye bütçe 4000 bin TL
user mesajı 4. Bağcılar Esenler
user mesajı 5. Ok
user mesajı 6. Peki uygun fiyata olnine site bula bilirmisib",2025-06-10 19:56:19
9f1fc574-98e7-4e66-b86c-e77c51347f3b,"user mesajı 1. Düğün
user mesajı 2. 2025.11.15
user mesajı 3. Düğün mekanı",2025-06-10 20:41:04
9f1fd866-240c-42d0-a3b5-84133bcba6fb,"user mesajı 1. Merbah
user mesajı 2. Şeşi
user mesajı 3. https://images.app.goo.gl/cid7SnWHy1pyLv118",2025-06-10 21:34:31
9f1fda47-f4d0-4293-ac53-8b46ff243af4,"user mesajı 1. Nişan
user mesajı 2. Nişanlık beğenmiştim de onu
user mesajı 3. Fiyatı ne kadar",2025-06-10 21:39:15
9f208c53-9dd0-4a3c-bcfc-2e880230d355,"user mesajı 1. Düğün
user mesajı 2. 23.08.25 pastalı olcak 600 kişi
user mesajı 3. Konya da olacak
user mesajı 4. 100",2025-06-11 05:57:04
9f209ce4-52c0-4749-87a6-4dd467d90ad3,"user mesajı 1. merhaba
user mesajı 2. okulumuzun mezuniyet töreni için fiyat almak istiyorum
user mesajı 3. istanbul tuzla
user mesajı 4. 28-29 haziran
user mesajı 5. yemek ve pasta
user mesajı 6. toplamda 50 kişi
user mesajı 7. en düşük fiyat önerilerinizi öğrenirsem daha iyi olur
user mesajı 8. açık kapalı fark etmez
user mesajı 9. kapalı alan olan var mı
user mesajı 10. tamam önerilerinizi inceleyim
user mesajı 11. resim ve video çekimi de istiyorum
user mesajı 12. çekimler tören sırasında olacak
user mesajı 13. fotoğraf ve video çekimi olacak
user mesajı 14. en uygun olanları verebilirseniz sevinirim
user mesajı 15. tekrar merhaba
user mesajı 16. temenye quın garden için
user mesajı 17. 28 haziran akşam saatlerinde  yemek - pasta - ve fotoğraf video çekimi içinde 50 kişilik fiyat teklifi alabilir miyim",2025-06-11 06:43:30
9f20adf9-c1fe-48cf-9764-9295851df285,"user mesajı 1. Nişan
user mesajı 2. Manisa Salihli 24 Haziran 2025 150 davetli
user mesajı 3. Sadece mekan
user mesajı 4. Hicbiri",2025-06-11 07:31:11
9f20b600-d0ba-4b3b-8a79-fbc063130a19,"user mesajı 1. 19 ekim sünnet düğünü salonu
user mesajı 2. Kocaeli gebze
user mesajı 3. 350 400 pasta ö
user mesajı 4. Mest5
user mesajı 5. 45 milyar
user mesajı 6. Gebze sadece",2025-06-11 07:53:49
9f20bc62-12c6-45de-ac67-15fbdb278451,"user mesajı 1. Düğün
user mesajı 2. Gaziantep Şahinbey de bir mekan arıyoruz. 100-450 civarlarında davetlimiz olacak, tahmini düğün tarihimize daha var ama ben şimdiden araştırmak istiyorum. Hizmette ise;Mekan, organizasyon, içecekler ama alkol asla olmayacak, fotoğraf ve video çekimi ve kuru pasta gibi ikramların olduğu bir mekan arıyorum.. Anlıyorsunuz değil mi beni?
user mesajı 3. Kapalı bir mekan arıyoruz ve bütçe bizim için önemli değil. Şık, görkemli bir mekan arıyoruz. Önerilerde bulunursanız sevinirim.
user mesajı 4. Sence hangisi daha iyi? Karar vermekte zorlanıyorum.",2025-06-11 08:11:32
9f20d064-7c3a-4319-969d-8861296da451,"user mesajı 1. Kıyı bungalov
user mesajı 2. Balayı
user mesajı 3. Rize
user mesajı 4. 10.07.2025 göl kenarı 1000-5000 TL arası
user mesajı 5. 5000-10000 TL arası
user mesajı 6. Deniz kenarı",2025-06-11 09:07:52
9f211352-2622-4515-ba21-855cad8650a7,"user mesajı 1. 27 09 2025 günü kız isteme ve nişan töreni  ortalama 120 kişilik
user mesajı 2. Hatay ili merkezde ikramlı kapalı alan
user mesajı 3. Pasta meşrubat
user mesajı 4. 30000
user mesajı 5. Evet
user mesajı 6. Defne",2025-06-11 12:15:19
9f2120f9-66af-450e-b741-02e0095f1907,"user mesajı 1. Nişan
user mesajı 2. Söz ve isteme bir arada olacak şekilde kuru pasta ve meyve suyuyla beraber istiyoruz . Ankara yenimahalle, Mamak , Çankaya da olabilir . Yaklaşık 150-200 davetli . Söz mekânında organizasyon fotoğrafını istiyorum . Tarih olarak 20 Temmuz
user mesajı 3. evet bakabilirsiniz",2025-06-11 12:52:45
9f216298-e98d-4d12-b3d8-a42064b21293,"user mesajı 1. Düğün
user mesajı 2. trabzon araklı
user mesajı 3. 15 kadım
user mesajı 4. 200 davetli
user mesajı 5. pasta meşrubat
user mesajı 6. 50
user mesajı 7. 50 bin tl
user mesajı 8. kapalı",2025-06-11 15:56:13
9f2163e4-68fd-4d5d-9be5-de2597a39773,"user mesajı 1. Düğün
user mesajı 2. Ankara
user mesajı 3. Etiler orduevi
user mesajı 4. 300 kişi yemekli 2026 ekim
user mesajı 5. Paket herşey dahil Etiler ordu evi
user mesajı 6. Fotoğrafçı canlı müzik düğün pastasi
user mesajı 7. Kişi başı 1000 tl
user mesajı 8. 1250
user mesajı 9. Kisi başı 1500
user mesajı 10. Sayın Hera talebim Etiler orduevi
user mesajı 11. Tandoğan orduevi
user mesajı 12. Aynı paket program",2025-06-11 15:59:57
9f2193d3-f217-4b47-8ade-13906b44764d,"user mesajı 1. Düğün
user mesajı 2. İstabul Eyüp
user mesajı 3. 9 Kasım
user mesajı 4. 500 kişilik kokteyl
user mesajı 5. düğün mekanı
user mesajı 6. kapalı mekan
user mesajı 7. 120 bin",2025-06-11 18:13:52
9f21967e-3589-40cf-8023-6d342f58e416,"user mesajı 1. Düğün
user mesajı 2. Ankara Keçiören",2025-06-11 18:21:20
9f21d05d-9f1a-477a-8276-06535e16b336,"user mesajı 1. arkadaslarjmla gelmek istiyorum
user mesajı 2. arkadaslarımla vakit gecirmek icin
user mesajı 3. bakırkoyde ferah ve boyama yapabilecegim bir kafede
user mesajı 4. 2 kisiyiz pazartesi günü ve boyama yapmamıza izin verecek bir kafe",2025-06-11 21:03:25
9f21d0f2-6e96-4c94-9888-510527d2fbfc,"user mesajı 1. Düğün
user mesajı 2. Gelin bohcası fiyatlar
user mesajı 3. 10 bin tl
user mesajı 4. Bütce
user mesajı 5. İl aksaray
user mesajı 6. Set takımı
user mesajı 7. Set oldun yeterli
user mesajı 8. İzmir'de gördüm bi set takımı
user mesajı 9. Tüm izmir
user mesajı 10. Tüm Türkiye geneli
user mesajı 11. Ben nasıl buluyorum ya
user mesajı 12. Siz nasıl bulamıyorsunuz
user mesajı 13. Tamam şunun o halde
user mesajı 14. Ya gelin bohcası dedik ya
user mesajı 15. Set fiyatı sla bilirmiyim
user mesajı 16. Örnek bir set içerigive fiyat tablosu verin
user mesajı 17. Bornoz takımı neden çift
user mesajı 18. Sadece gelin için
user mesajı 19. Havlu takımıb1adet el yüz yeterli
user mesajı 20. Makyaj setinde neler var
user mesajı 21. Parfüm  yokmu
user mesajı 22. Şanbuan
user mesajı 23. Makyaj set olsun tam
user mesajı 24. 3binlik olsa neler olur
user mesajı 25. Deoderat sambuan duş jeli ile birlikte
user mesajı 26. Diş bakım seti
user mesajı 27. Dahil
user mesajı 28. Bu istediklerimizle gelin setine eklersek
user mesajı 29. Makyaj seti diş seti parfüm deodorant şanbuan  duş jeli markaları ne olacak
user mesajı 30. Bu şekilde
user mesajı 31. İç giyim de neler var
user mesajı 32. Birde marka
user mesajı 33. 1 adette fantezi iç giyim
user mesajı 34. Nevresin bornoz markaları
user mesajı 35. En uygunu hangisi takımın
user mesajı 36. Fiyatları
user mesajı 37. Özdilek ekleyelim
user mesajı 38. Çeyiz sandığı yerine valiz  olsa
user mesajı 39. Çeyiz sandıgını çıkaralım valiz  üçlü deyilmi
user mesajı 40. Orta boy
user mesajı 41. El işleme varmı
user mesajı 42. Patik gibi
user mesajı 43. Çehiz seti ne kadar
user mesajı 44. Baketen şal ve eşabı çıkartın
user mesajı 45. Gelin açık
user mesajı 46. Örme kese bir erkek bir bayan birde yazma üç iğne oyası saten üç adet namazla örgü gelin şal gelin için bir  adetörğü yelek
user mesajı 47. Patiği çıkartalım
user mesajı 48. Nevresimi çıkartalım
user mesajı 49. Namazla iğne oyası deyil
user mesajı 50. Sadece saten
user mesajı 51. Şindi ne oldu
user mesajı 52. Bu  el örgüleri fiyat en uygun olan marka olsun
user mesajı 53. Valizlerde en uygun marka olsun
user mesajı 54. Şimdi ne oldu
user mesajı 55. Fiyatlarıyla birlikte atın
user mesajı 56. Fiyatları
user mesajı 57. Valiz marka ve fiyatları
user mesajı 58. Emin çata ne kadar polmak ne kadar
user mesajı 59. Polmak orta boy olsun
user mesajı 60. Yazma iğne oyası marka ve fiyat
user mesajı 61. Örgü gelin yelek fiyat marka
user mesajı 62. 250 olan
user mesajı 63. Şimdi ne oldu tekrar
user mesajı 64. Saten namazla marka ve fiyatlar örgü gelin şalı marka ve fiyatları
user mesajı 65. Yazma iğne oyası 3 adet toplam 400 TL olandan ekleyin
user mesajı 66. Örgü gelin şalı 200 TL olandan
user mesajı 67. 1 adet erkek kese 1 adet gelin kese tane fiyatı 80 TL olandan ekleyin
user mesajı 68. Bike takımı marka ve fiyat
user mesajı 69. Konsol takımı fiyat ve marka
user mesajı 70. 600 TL olan bike takımı ekle
user mesajı 71. 300 TL konsol takımı ekle
user mesajı 72. İki bebek yeleği biri mavi diğeri sarı marka ve fiyat
user mesajı 73. 160 yl olarak ekleyin
user mesajı 74. Şimde ne oldu
user mesajı 75. Bunları almak istesek  nasıl gönderirsiniz
user mesajı 76. PDF yazılı alışveriş yazılı göderin
user mesajı 77. Evet isterim
user mesajı 78. Liste atın
user mesajı 79. Bende bu ürünleri six gödereçek sandıydım",2025-06-11 21:04:53
9f227c7c-7b0c-4566-8e9a-d7626f228fea,"user mesajı 1. Bekarlığa veda Partisi düzenlemek istiyorum
user mesajı 2. Parti İstanbul’da olacak ilçe olarak Anadolu ya da Avrupa yakası olur sadece hani Beylikdüzü gibi çok uzak bir yer olmasın. Üç Temmuz düşünüyoruz ortalama 10:15 kişilik bir grup olur böyle hem DJ performans ve erkek dansçıların olduğu hem de böyle sohbet edebileceğimiz şık eğlenceli bir mekan arayışındayız toplam bütçemiz 10.000 ila 30.000 arası
user mesajı 3. Yani hem açık hem kapalı alanlar olabilir ikram tercihi olarak yemek artı alkol şeklinde isteriz özel bir tema olarak da böyle geline özel küçük süslemeler olabilir
user mesajı 4. Tamam bütçeyi genişletelim ona göre tekrar arama yapabiliriz
user mesajı 5. 10.000 ila 80.000 arası",2025-06-12 05:04:42
9f22e60c-cf0d-4aee-a17a-2bab82bd15f6,"user mesajı 1. Düğün
user mesajı 2. 1. izmir , balçova ve buca
user mesajı 3. 2. 300 kişi
user mesajı 4. kokteyl de olabilir ve acık seciö
user mesajı 5. 25 ekim 29 ekim
user mesajı 6. 500tl ve 1000tl arası",2025-06-12 09:59:37
9f22fd33-9a09-4314-820e-9e194b0614f3,"user mesajı 1. Düğün
user mesajı 2. muğla bodurum 700
user mesajı 3. kişilik
user mesajı 4. sadece bodrum
user mesajı 5. kokteyl
user mesajı 6. kır
user mesajı 7. en düşük ne kadar
user mesajı 8. en düşük 500
user mesajı 9. bu mekanlar dısıdna baska mekan var m
user mesajı 10. 700 tl",2025-06-12 11:04:20
9f2300ed-b63a-4b76-8274-3a91d6a7de35,"user mesajı 1. Düğün
user mesajı 2. izmir urla
user mesajı 3. düğün mekanı
user mesajı 4. 2025 ağustos ayı içerisinde bir haftasonu, yaklaşık 50 daveetli olacak, yemekli ve içkili olacak, mekan olarak deniz kenarı plaj olabilir ya da kır olabilir. Bütçe kişi başı max 1000 tl",2025-06-12 11:14:47
9f23488b-041a-4c65-8892-2ae25811bd2c,"user mesajı 1. Mezuniyet
user mesajı 2. İstanbul/Ataşehir
user mesajı 3. 18/06/2035
user mesajı 4. Pardon
user mesajı 5. İstanbul/Ataşehirde yapmak istiyoruz,18/06/2025 tarihinde, yaklaşık 20 kişi ile yemek rezervasyonlu ve kişi başı yaklaşık 900-1000 TL arası olan müzikli bir mezuniyet töreni istiyoruz ve açık veya kapalı farketmez mekan olarak",2025-06-12 14:35:11
9f2356ed-5b73-42c0-b8b7-af7bd2f0a56a,"user mesajı 1. Nişan
user mesajı 2. Nevşehir
user mesajı 3. Kişi başı max 1000
user mesajı 4. sadece yet istiyorum ikram vs istemiyorum 50 kişi olacak uçhisar Avanos Ürgüp göreme olabilir
user mesajı 5. Ekle",2025-06-12 15:15:14
9f236564-0fbb-4bf0-864b-98f51fb6358c,"user mesajı 1. Merhaba
user mesajı 2. Düğün balayı için rahatsız ettim
user mesajı 3. Maldivler 25 Ağustos 31 Ağustos arası
user mesajı 4. 150 bin villa herşey dahil özel bir konsept isteğimiz yok
user mesajı 5. Uçak bileti dahil değil
user mesajı 6. Aileler e açık otel
user mesajı 7. Kendim gelsem turizm acentesi neden bağımsız daha ekonomik olmaz mı",2025-06-12 15:55:43
9f239f9c-aec9-4a74-b021-6490deb91b62,"user mesajı 1. Düğün
user mesajı 2. 150-200 kişi Ankara için mekan
user mesajı 3. Ekim ayı ikinci haftası tarih
user mesajı 4. Açık alan, sosyal tesis",2025-06-12 18:38:29
9f24180f-2d62-4e37-8e2a-603b8a03e005,"user mesajı 1. mezuniyet
user mesajı 2. Yalova Merkez 21 haziran 25-30 kişilik yemekli kişi başı bütçe 1000-1100 arasında
user mesajı 3. kokteyl olsun yada pasta
user mesajı 4. 20 haziran?",2025-06-13 00:15:28
9f24d36d-271b-434f-a5b3-4858a1bffec8,"user mesajı 1. Nişan
user mesajı 2. YUNUS & CENNET nişan törenleri var mı
user mesajı 3. Uşak merkez
user mesajı 4. Geleceğini seneye ağustos gibi düşünüyoruz inşallah
user mesajı 5. Binlerce
user mesajı 6. Yemekli
user mesajı 7. Açık hava salonları
user mesajı 8. 500 kişilik
user mesajı 9. Bölme havuz bar
user mesajı 10. Evet istiyorum
user mesajı 11. Yunus yavuz sevgiliyiz çünkü ilişkimiz başladı
user mesajı 12. Nişan davetiyesi görebilir miyim yazıları için
user mesajı 13. Tarih : 26.08.2026 saat : 20.00 yer uşak bölme
user mesajı 14. Nişan davetiyesi yazar mısınız
user mesajı 15. Evet yeni bir metin de hazırlayabiliriz
user mesajı 16. Numarasını vereyim mi istersen
user mesajı 17. 05511440801 yunus yavuz eşim
user mesajı 18. GÖKHAN ALKAN BAŞAK GÜMÜLCİNELİOĞLU
user mesajı 19. Gökhan ve başak davet etmek istiyorum
user mesajı 20. Allah’ın emri peygamberin kavli ile kızımız başak oğlumuza Gökhan’ı istiyoruz lütfen bize bildirin
user mesajı 21. İnstagramda var başak Gümülcinelioğlu eşiniz Gökhan Alkan
user mesajı 22. Gökhan alkan eşi kimdir başak Gümülcinelioğlu
user mesajı 23. Mehmet çağrı çıtanak boşanma davasını açmak istiyorum
user mesajı 24. Kül masalı dizisi arat ve jale birbirimizi uyumlu olarak izledik
user mesajı 25. Gökhan Alkan kaç kişilik olacak
user mesajı 26. Düğün mekanları için görebilir miyim ama sadece Başak Gümülcinelioğlu ve Gökhan Alkan
user mesajı 27. Evet o açık alanda
user mesajı 28. Bu davetiye için yazar mısınız
user mesajı 29. Gökhan ve başak evlilik teklifi organizasyonları mekanları hangi otel de görebilir miyim
user mesajı 30. Clarion golden horn
user mesajı 31. Gökhan alkan ve başak Gümülcinelioğlu evlilik teklifi nişan düğün ve özel davetler için uygundur
user mesajı 32. Lütfen ona yapar mısınız
user mesajı 33. İnstagramda var konuşur musunuz ona sayın başak Gümülcinelioğlu eşi Gökhan Alkan
user mesajı 34. Oyuncu olarak sorun Gökhan ve başak nişanlısı olarak yer İstanbul merkez bağlı zekeriyaköy
user mesajı 35. İsterim
user mesajı 36. Gökhan Alkan eşi kimdir öğrenebilir miyiz
user mesajı 37. Gökhan Alkan sevgilisi kim
user mesajı 38. Başak Gümülcinelioğlu eşiniz öğrenebilir miyiz
user mesajı 39. Tamam canım",2025-06-13 08:59:15
9f24d47a-5242-43f1-ae9b-45276f6da2f5,"user mesajı 1. Nişan
user mesajı 2. Ankara Yeni mahalle ve Etimesgut civarı  100-150 kişi koktely tarzı  16 Temmuz
user mesajı 3. Evet",2025-06-13 09:02:12
9f24e2a8-7ca1-4ddd-b4b7-c6dbffc3f1d1,"user mesajı 1. Nişan
user mesajı 2. Samsun/Atakum
user mesajı 3. 24-25 eylül arası 600 kişilik nişan mekânı yemeksiz",2025-06-13 09:41:48
9f252c88-81a7-45db-a980-bb7725d7542a,"user mesajı 1. Merhaba
user mesajı 2. Nişan
user mesajı 3. Ben prenses model bir abiye bakıyorum
user mesajı 4. Ü19 temmuz
user mesajı 5. Diyarbakır Çermik
user mesajı 6. 10 bin
user mesajı 7. Olur
user mesajı 8. 15 de olur
user mesajı 9. Ona göre baksanız
user mesajı 10. Olur
user mesajı 11. Diyarbakır dışında da olur",2025-06-13 13:08:25
9f253790-6c9d-4646-ae90-75eac76d6e4e,"user mesajı 1. Düğün
user mesajı 2. Malatya
user mesajı 3. Düğün abiye
user mesajı 4. Nikah elbisesi yani
user mesajı 5. Olur
user mesajı 6. 5 Temmuz tarih
user mesajı 7. Bu siteden bir tame beğendim
user mesajı 8. Ama size resmi iletemiyorum",2025-06-13 13:39:13
9f255140-e9b2-4a6c-9bd0-0b3121a0cbe0,"user mesajı 1. SÜNNET EĞLENCESİ
user mesajı 2. 300-400 KAPAİSTELİ
user mesajı 3. 25 MAIS VEYA 7 HAZİRAN 2026 TARİHİ İÇİN
user mesajı 4. İZMİR BAYRAKLI KIR DÜĞÜN SALONU
user mesajı 5. SADECE PASTA VE MEŞRUBAT
user mesajı 6. HAYIR SADECE BAYRAKLIDAN BKAIYORUM
user mesajı 7. BİN VEYA
user mesajı 8. 60-70 BİN
user mesajı 9. PEKİ FİYATLAR NE KADA ACABA
user mesajı 10. ÖNÜMÜZDEKİ SENE İSTEDİĞİM TARİHLERDE
user mesajı 11. HAYIR MESAFE KONUSUNDA UYGUN DEĞİL BYARAKLI DIŞI
user mesajı 12. BAYRAKLI FOLKART KARŞSINDAKİ DÜĞÜN SALONLARI NE KADAR ACABA?",2025-06-13 14:51:13
9f25a4aa-5206-4aea-b969-b35d7b120848,"user mesajı 1. Düğün
user mesajı 2. Van İpekyolu",2025-06-13 18:44:17
9f25b85b-d20a-4193-905d-d14a0d76da5b,"user mesajı 1. Nişan
user mesajı 2. Gaziantep
user mesajı 3. şahinbey
user mesajı 4. 70 kişi
user mesajı 5. Pasta
user mesajı 6. açık alan
user mesajı 7. 60 kişi toplam
user mesajı 8. 50000
user mesajı 9. İkramsız istiyorum",2025-06-13 19:39:19
9f270cca-ab5b-4548-bfc1-f99f10a1da8f,"user mesajı 1. Kına
user mesajı 2. Her ikisi",2025-06-14 11:31:22
9f275d6c-4a4c-4ce9-aacd-f8ac8506fa6d,"user mesajı 1. Kına
user mesajı 2. ankara,
user mesajı 3. keçiören, pursaklar
user mesajı 4. 10 eylül 2025
user mesajı 5. 250
user mesajı 6. mekan ve organizasyon
user mesajı 7. kokteyl yada pasta meşrubat
user mesajı 8. ortalama 50000
user mesajı 9. çubuk, yenimahalle,
user mesajı 10. 60000
user mesajı 11. altındağ",2025-06-14 15:16:44
9f275f9c-82af-43c4-af58-8a87b0a387f2,"user mesajı 1. nikah
user mesajı 2. ankara
user mesajı 3. keçiören, pursaklar
user mesajı 4. 13 yada 14 eylül 2025
user mesajı 5. 500
user mesajı 6. açık alan mekan
user mesajı 7. meşrubat
user mesajı 8. öneri istiyorum
user mesajı 9. açıkalan
user mesajı 10. sadece 2 saat nikah töreni
user mesajı 11. sadece meşrubat",2025-06-14 15:22:55
9f276569-a9ec-48a3-8df6-66550a940ab1,"user mesajı 1. kır bahçesinde nikah merasimi
user mesajı 2. 14 eylül
user mesajı 3. ankara
user mesajı 4. pursaklar keçiören
user mesajı 5. 500
user mesajı 6. meşrubat
user mesajı 7. fiyat söylemeyim
user mesajı 8. hafta sonu gündüz saat 15.00 da",2025-06-14 17:09:29
9f2769b8-6f2e-4526-b641-5e22a1c4f207,"user mesajı 1. Balayı
user mesajı 2. Maldivler  25 Ağustos 5 gün 110 bin bütçe romantik balayı
user mesajı 3. Uçak dahil her şey dahil su üstü bungalov",2025-06-14 15:51:14
9f2792e9-8dbe-46e2-a732-d12f7e821167,"user mesajı 1. Düğün
user mesajı 2. Ankara çankaya gölbaşı
user mesajı 3. Dğün organizasyon
user mesajı 4. Eylül
user mesajı 5. 500
user mesajı 6. Herşey dahil müzik ışık kamers nikah vs
user mesajı 7. Kapalı nikah açık olabilir
user mesajı 8. Kişi başı 1.000 civarı",2025-06-14 17:46:22
9f27b3c9-c52a-453b-b10b-bc9b523fbb7e,"user mesajı 1. Sünnet
user mesajı 2. Gebze
user mesajı 3. Davetiye
user mesajı 4. 300
user mesajı 5. Klasik
user mesajı 6. Genel
user mesajı 7. Davetiye mekanı
user mesajı 8. Gebze magaza",2025-06-14 19:18:14
9f27d8f1-360a-4966-9023-54021ed2b4c0,"user mesajı 1. Sünnet
user mesajı 2. Sünnet düğünü yemekli
user mesajı 3. İstanbul  Gop
user mesajı 4. 500 kişilik Kasım ayında
user mesajı 5. 500tl
user mesajı 6. Gaziosmanpaşa
user mesajı 7. Ola bilir",2025-06-14 21:02:12
9f27fde7-2b5a-432d-95ed-d360468e91bd,"user mesajı 1. Düğün
user mesajı 2. Mersin liva otel 250 kisi kapasite yemeksiz
user mesajı 3. Eylül ayında düşünüyoruz
user mesajı 4. Fiyatlar ne kadar
user mesajı 5. 100.000,00 tl bütçe ile liva otelde 250 kisi yemeksiz",2025-06-14 22:45:29
9f27fe9a-5968-4ec3-b3aa-8cf0baa27dfd,"user mesajı 1. Kına
user mesajı 2. Her ikiisi
user mesajı 3. Ankara altındağ ilçesinde 3 agustos 2025 tarihinde saat 4 5 gibi toplam 50 100 arası bütcem düşük
user mesajı 4. Yemekli
user mesajı 5. Evet en uygun fiyat
user mesajı 6. Toplam kaç tl 80 kili yemekli ?
user mesajı 7. Başka uygun fiyatlı kına konağı yok mu ? Mamak da olur
user mesajı 8. Başka uygun bütçeli kına konağı yok mu ankarada",2025-06-14 22:47:25
9f287f40-84bd-4816-8779-91ce748bc84d,"user mesajı 1. Düğün
user mesajı 2. Ankara Pursaklar
user mesajı 3. Düğün mekanı
user mesajı 4. 6 .7eylul ..maksimum600
user mesajı 5. Kokteyl
user mesajı 6. Toplam bütçem 130
user mesajı 7. 130 bin demek isdedim
user mesajı 8. Kapalı alan evet yakın ilçelerde olabilit
user mesajı 9. Kurupastali olsun
user mesajı 10. Teşekkür ederim
user mesajı 11. Çok teşekkür ederim evet memnunum",2025-06-15 04:47:10
9f28b012-1621-441b-9589-20b13928ff6c,"user mesajı 1. Düğün
user mesajı 2. Düğün kardeşimin ben hamile kıyafeti istiyorum
user mesajı 3. Tamam bekliyorum
user mesajı 4. 1 Temmuz’da düğün
user mesajı 5. Şık ve gösterişli petrol mavisi olabilir Dila olabilir
user mesajı 6. Lila
user mesajı 7. Tarsus Adana Mersin
user mesajı 8. Mağazada olur online da olur
user mesajı 9. Bu fiyatlar bana uygun uygun
user mesajı 10. Teşekkür ederim bekliyorum
user mesajı 11. Çok tüllü olmasın
user mesajı 12. fikir almak için mükemmel bir hizmet sunuyorsunuz inşallah model elbisesi sectigim zaman daha çok memnun olacağım",2025-06-15 07:03:40
9f28b667-92c4-49d3-9831-fc2586a017f8,"user mesajı 1. Düğün
user mesajı 2. İstanbul Beyoğlu
user mesajı 3. Eylül 2025
user mesajı 4. Mekan, tarihi mekan
user mesajı 5. 100 kişi, kokteyl ikram düşünüyoruz
user mesajı 6. Kişi başı 1000-1200
user mesajı 7. Cercle d'orient olmaz mı",2025-06-15 07:21:22
9f28f9c6-67a0-4702-9e45-3b7148899a9f,"user mesajı 1. Düğün
user mesajı 2. Sakarya Adapazarı Erenler
user mesajı 3. Düğün mankeni
user mesajı 4. Düğün mekanı
user mesajı 5. 01.05.2026
user mesajı 6. 2000
user mesajı 7. Yemekli
user mesajı 8. 500
user mesajı 9. Şaheser düğün salonu
user mesajı 10. Her ikisi",2025-06-15 10:29:46
9f294708-57ce-4977-abaa-48201834e6af,"user mesajı 1. Düğün
user mesajı 2. İstanbul
user mesajı 3. Avrupa yakasında
user mesajı 4. Şişli
user mesajı 5. Düğün kasımda olucak ne önerirsiniz yemekli
user mesajı 6. 350 bütçe fiat önerinize göre
user mesajı 7. 350 kişi sayısı bütçe değil",2025-06-15 14:05:47
9f29605a-6ef1-4558-a2ba-c07a575c9523,"user mesajı 1. Merhaba gelin hamamı
user mesajı 2. İstanbul Kadıköy
user mesajı 3. 27.06.2025
user mesajı 4. 15-20 kişilik piyasayı bilmediğim için. Bir fiyat vermem yanlış olur ne dip vede üç fiyat olsun  ortalama birsey
user mesajı 5. Müzik süsleme
user mesajı 6. Üsküdar Maltepe atasehir gibi yakin yerler olabilir sadece müzik ve süsleme kişi sayısı değişmez ama belki tarihi birgun öncesine alabilirim
user mesajı 7. Tamamdır ehpini içeren bir paket olsun",2025-06-15 15:16:59
9f2985fa-d6b9-48e0-9ab3-b78056b1c779,"user mesajı 1. Nikah sonrası 50 kişilik yemek saat 1730-1900 arası
user mesajı 2. K.yaka/izmir yemekli 100-120 tl arası
user mesajı 3. Tşk ederim",2025-06-15 17:03:54
9f2988a3-2226-4afb-9208-974518283b26,"user mesajı 1. Nişan
user mesajı 2. Gaziantep Şahinbey
user mesajı 3. Temmuz 30
user mesajı 4. 100 civarı
user mesajı 5. Pasta ve meşrubat sadece nişan
user mesajı 6. En ucuz hangisiyse
user mesajı 7. Şehitkamil",2025-06-15 17:09:14
9f29bd43-d2d4-43cb-b719-6da3a53890f5,"user mesajı 1. SHEYALTOPCU
user mesajı 2. SHEYALTOPCU
user mesajı 3. SHEYALTOPCU
user mesajı 4. SHEYALTOPCU
user mesajı 5. Tüz bitti söz güzel söz özel takmak tespihi bulmak
user mesajı 6. SHEYALTOPCU
user mesajı 7. SHEYALTOPCU
user mesajı 8. SHEYALTOPCU
user mesajı 9. SHEYALTOPCU
user mesajı 10. SHEYALTOPCU
user mesajı 11. SHEYALTOPCU
user mesajı 12. SHEYALTOPCU
user mesajı 13. SHEYALTOPCU
user mesajı 14. 2819
user mesajı 15. SHEYALTOPCU
user mesajı 16. SHEYALTOPCU
user mesajı 17. SHEYALTOPCU",2025-06-15 19:36:28
9f2a1822-0da1-466f-855f-80e1449bbe8c,"user mesajı 1. Kına
user mesajı 2. Yalova merkez
user mesajı 3. Mekan ve icerigi  gun olarak Ekim 30
user mesajı 4. Kapali alan ve 200 kisi kapasite li ve kina gecesi icerigi ne veriyor
user mesajı 5. Aslinda biximde karistigimiz durum su
user mesajı 6. Irganizazyon mekan olsun ma
user mesajı 7. masalar tamam mek
user mesajı 8. Ben sunu demek istiyorum her
user mesajı 9. hera
user mesajı 10. Yani gercekten en guzeli ozeli olsun ama butce dostu olsun gerekenler y
user mesajı 11. yapllsin
user mesajı 12. Evet ya bak anl
user mesajı 13. anlayabilen sen oldun
user mesajı 14. ilce soyle tabi
user mesajı 15. Ekonomik
user mesajı 16. sence ekim icin yer bakmaya beklesek
user mesajı 17. tabi
user mesajı 18. Bilgine ihtiyac var
user mesajı 19. Biz emdoha diyoruz
user mesajı 20. yalova merkez de olan.mekan ismi
user mesajı 21. Ogretmen evinde nasil kina oluyor
user mesajı 22. Ogretmen evi organizazyonu kimler
user mesajı 23. evet ekonomik ve icerigi nadir
user mesajı 24. hera var davet evi neferdin
user mesajı 25. ogrenebilirsin
user mesajı 26. bana yalova da emdoha da nasil iletisim saglarim yardimci ilurmusun
user mesajı 27. Yalova da be dugun kina mekan yeri
user mesajı 28. Iyi günler",2025-06-15 23:50:33
9f2ace8f-789a-4429-94af-1f857c8586bd,"user mesajı 1. Düğün
user mesajı 2. Yüzbir toplam bütçe 100 bin tl",2025-06-16 08:20:34
9f2adfa1-861a-4ac6-bd89-a5642ca33436,"user mesajı 1. iyi günler
user mesajı 2. iş başvurusunda bulunmak istiyorum
user mesajı 3. ankarada benim için yapabileceğiniz bişey varmı",2025-06-16 09:08:26
9f2b0f51-1720-4fd4-ac37-3b845bbc9f20,"user mesajı 1. Merhabe Dogum Günü
user mesajı 2. 50 kisilik
user mesajı 3. Istanbulda, manzarasi olan cok büyük olmayan yemekli olucak bir mekan ariyorum
user mesajı 4. Örnek verdiginiz semtler Üsküdar haric hepsi olabilir - kisi basi fiyate en fazla 2000 olur diye düsünüyorum
user mesajı 5. bu mekanlar olmaz
user mesajı 6. acik alani ve bogaz manzarasi olsun isterim - kisi basi fiyatini artira biliriz mesal 2500
user mesajı 7. Kaddeh Sortie, hersey dahil konzept midir? DJ felan varmi
user mesajı 8. baska mekanlar varsa bir kac tane daha görmek isterim
user mesajı 9. yoksa su an kalsin, bir kac mekan gördükten sonra aralarindan secip öyle irtibata girmek isterim tesekkür eder
user mesajı 10. Tesekkür ederim cok hizli bir sekilde bilgilendirildim",2025-06-16 11:22:07
9f2b1e73-1ffc-4144-97ef-116e97e37959,"user mesajı 1. After
user mesajı 2. Kahramanmaraş merkez  27 nisan 2026 50 kişilik
user mesajı 3. Mekan açık kapalı ikisi de olsun havuz bqşı tercihimiz olacaktır. Kokteyl pasta olacak. Bütçe önemli değil
user mesajı 4. Açık kapalı mekan olabilir",2025-06-16 12:04:00
9f2b45e0-a051-4f18-8dc0-050ef1901365,"user mesajı 1. Arayin bilgi verin
user mesajı 2. Düğün
user mesajı 3. 27 temmuz
user mesajı 4. Îstanbul zeytinburnu
user mesajı 5. Ordor tabak
user mesajı 6. 300
user mesajı 7. 250 tl
user mesajı 8. 500 tl olsun",2025-06-16 13:54:20
9f2b5398-099c-4882-8ae3-7f9ea946409a,"user mesajı 1. Kına
user mesajı 2. Her ikisi
user mesajı 3. Ekim veya Kasım ayında olacak
user mesajı 4. İstanbul avrupa yakası
user mesajı 5. Hayır yok avrupa yakası olması yeter
user mesajı 6. 300 kişi olur
user mesajı 7. Çerez veya pasta
user mesajı 8. 20.000
user mesajı 9. Ne kadardan başlıyor",2025-06-16 14:32:39
9f2bcc6f-dfa4-4f25-be31-cf34e19b828e,"user mesajı 1. Kına
user mesajı 2. İstanbul Bayrampaşa
user mesajı 3. Gaziosmanpaşa
user mesajı 4. Her ikisi 24/09-2025
user mesajı 5. 150 kişi pasta meşrubat 40 bin
user mesajı 6. Kapalı ve açık olabilir",2025-06-16 20:10:26
9f2bcd4c-e6f8-4df4-a742-317a199c6e61,"user mesajı 1. Kapalı alan kaç kişilik
user mesajı 2. Düğün
user mesajı 3. Balıkesir tahmini bilmiyorum pasta olacak
user mesajı 4. 500 Ve 700 arası",2025-06-16 20:13:12
9f2c0ea8-47af-4866-897f-38651077c90f,"user mesajı 1. Gelin hamamı hakkında bilgi almak istiyorum
user mesajı 2. İstanbul kartal
user mesajı 3. 8-10 kişi
user mesajı 4. Müzik olabilir özel ikramlarda olsn
user mesajı 5. Max 6000₺
user mesajı 6. Kartal ve çevresindeki hamamların fiyat listelerini atar mısın
user mesajı 7. Genel olarak fiyatlar nedir peki
user mesajı 8. Kişi başı 500₺ olan gelin hamamlarını önerir misib
user mesajı 9. 8-10 kişilik gruba 10.000₺ lık gelin hamamı önerir misin
user mesajı 10. Tuzla termal tesis fiyatı nedir",2025-06-16 23:15:48
9f2c9420-72b9-4602-88d2-4dc7ffb2acbe,"user mesajı 1. Nikah sonrası yemek
user mesajı 2. Gebze kocaeli
user mesajı 3. 6 temmuz
user mesajı 4. 200
user mesajı 5. Yemekli
user mesajı 6. 300
user mesajı 7. 500",2025-06-17 05:29:05
9f2ca3b6-d97b-40de-bc15-129c023c07f8,"user mesajı 1. Düğün
user mesajı 2. Manisa şehzadeler
user mesajı 3. Teras düğün salonu",2025-06-17 06:12:28
9f2cc93a-2708-47c3-b9fc-6770e81400c5,"user mesajı 1. Kına
user mesajı 2. süsleme dans  konsep
user mesajı 3. istanbul arnavutköy
user mesajı 4. 25.26 .06.2025 yaklaşik bütçe 20.25
user mesajı 5. 50 kişi
user mesajı 6. evet
user mesajı 7. bar
user mesajı 8. 23.06 2025 bütçe 35.40",2025-06-17 07:57:19
9f2ce739-8237-47f0-9830-e45bb7b45ba1,"user mesajı 1. ben 14-15 yaş gelinlik istiyorum
user mesajı 2. kiralamak
user mesajı 3. siz delimisiniz
user mesajı 4. siktir
user mesajı 5. nerde yaşıyorsunuz",2025-06-17 09:22:31
9f2d3e87-a078-4369-b949-a2afc82fcf68,"user mesajı 1. düğün yapıcam
user mesajı 2. bursa nilüfer
user mesajı 3. mekan bakıyorum
user mesajı 4. ağustos gibi olacak. 100 200 kişilik bir d
user mesajı 5. yemekli pasta meşrubat fark etmez. 200 bin liram var totalde dedim. bahçe olur, havuzbaşı olur fark etmez. ama güzel bir kır düğünü istiyorum
user mesajı 6. tüm bursa olabilir bana uyugn bir şey olsun.",2025-06-17 13:26:10
9f2d5c3a-553e-40ba-a395-3bf22e199b32,"user mesajı 1. Kına
user mesajı 2. Erzurum
user mesajı 3. Kına gecesi salonu
user mesajı 4. 4 temmuz
user mesajı 5. 200 kişi olacak
user mesajı 6. Kurabiye meşrubat
user mesajı 7. 25.000 30.000 arası
user mesajı 8. 25.000 35.000
user mesajı 9. 35.000
user mesajı 10. Kurabiye çerez kola 30.000",2025-06-17 14:48:21
9f2db071-5572-4c8f-8661-e5ab04d27b28,"user mesajı 1. Balayı paketi
user mesajı 2. Bodrum 9 Eylül 13 Eylül  herşey dahil balayı suiti
user mesajı 3. 50.000 60.000 arası
user mesajı 4. Marmaris
user mesajı 5. Fethiye",2025-06-17 18:43:58
9f2dc208-0ac6-4b38-a0c3-ca068bbc93ca,"user mesajı 1. Gündüz kır düğünü
user mesajı 2. 300 davetli, Ankara dükkanı kokteyl menü kişilik başı 250-500Tl
user mesajı 3. Temmuz ayı
user mesajı 4. İncek apple gardenya için fiyat ne kadar kişi başı",2025-06-17 19:33:18
9f2dcfae-710d-49dd-8dcd-f22ca1924380,"user mesajı 1. Alaçam merkezdemisiniz
user mesajı 2. Hasret düğün salonu tam olarak nerde
user mesajı 3. Hasret yokmu",2025-06-17 20:11:26
9f2dfcc7-43b3-4eac-94d0-afaf29a5cd65,"user mesajı 1. Düğün
user mesajı 2. Ankara Keçiören
user mesajı 3. Düğün mekanı
user mesajı 4. Hazıran 25
user mesajı 5. 300 kişi
user mesajı 6. Koktel
user mesajı 7. Kapalı alan
user mesajı 8. 200
user mesajı 9. 500",2025-06-17 22:17:17
9f2dff16-a38d-417e-9b30-ffcd4db31cbc,"user mesajı 1. Evlilik teklifi
user mesajı 2. Urla da yapmak istiyorum
user mesajı 3. Deniz kenari
user mesajı 4. 21 haziran
user mesajı 5. 5 bin
user mesajı 6. Mekan da olabilir  organizasyon hizmetine olur
user mesajı 7. Sadece çift
user mesajı 8. Başka yerleri araştıralım ve bütçeyi 10 bin yapalim
user mesajı 9. Bana Urla'daki   bütün  mekan ve organizasyonları  sunarmısınız
user mesajı 10. Bağ evine bakalım",2025-06-17 22:23:51
9f2e0368-8ea7-4ac5-b5d0-9fb252845695,"user mesajı 1. Düğün
user mesajı 2. merhaba
user mesajı 3. nasılsın
user mesajı 4. Which jobs do you think are least likely to be replaced by AI? Why?
user mesajı 5. sen hangi tabanlı ai kullanıyorsun
user mesajı 6. MONS
KAFD A bu nedir
user mesajı 7. ∫(3x2+2x+1)dx bu integrali çözer misin
user mesajı 8. ∫(3x2+2x+1)dx Can you solve this integral so I can buy a wedding bouquet?",2025-06-17 22:35:48
9f2eb00e-a00d-4380-b7af-66615c9777d7,"user mesajı 1. Nıkah
user mesajı 2. Istanbul
user mesajı 3. 6 temmuz",2025-06-18 06:38:46
9f2ec5cd-7786-44a9-af75-dbe5a2bc748d,"user mesajı 1. Düğün
user mesajı 2. bursa osmangazi veya nilüfer
user mesajı 3. hepsi
user mesajı 4. düğün tarihim 12 ekim 2025 davetli sayım 500-750 kokteyl tercihim pasta meşrubatta olabilir toplam bütçem 120 bin
user mesajı 5. açık alan olabilir ama üstü açılıp kapanabilen bir mekan tercihim tema ise sade ve şık olabilir",2025-06-18 07:39:23
9f2ef821-1fce-4f61-bb82-fe76a08451b7,"user mesajı 1. Nişan
user mesajı 2. Ankara etimesgut.nisan olacak yaklasik 150 kisi yemeksiz aksam saatlerinde
user mesajı 3. Pasta mesrubat kapali alan
user mesajı 4. 15.000",2025-06-18 10:00:07
9f2f0f6b-bfde-4d31-94a0-069b6538a70c,"user mesajı 1. Düğün
user mesajı 2. Esma sultan yalısı
user mesajı 3. Yaklaşık 100-120 kişi
user mesajı 4. Eylül sonu
user mesajı 5. Yemekli
user mesajı 6. Kişi başı 3500-4000 tl civarı
user mesajı 7. Esma sultan fiyat öğrenmek istiyorum ben",2025-06-18 11:05:18
9f2f234c-8dee-49a0-b078-f72c253daa96,"user mesajı 1. Nişan
user mesajı 2. nişan organizasyonu arıyorum
user mesajı 3. ankara/mamak ta 13 temmuz civarı olarak tarih istiyoruz max. 100 davetli olacak şekilde
user mesajı 4. 10.000 tl",2025-06-18 12:00:50
9f2f2366-dafe-4821-8b03-98c52dc317d3,"user mesajı 1. Nişan
user mesajı 2. Ankara Çankaya
user mesajı 3. nişan mekanı
user mesajı 4. 26 temmuz 100-150 kişi kokteyl-yemekli 500TL",2025-06-18 12:01:07
9f2f439a-3490-4817-8d00-40a4e206a689,"user mesajı 1. Düğün
user mesajı 2. İZmir Bornova
user mesajı 3. Mekan
user mesajı 4. Nişan sonu  düşünüyoruz pasta meşrubat  açık alan düşünüyoruz
user mesajı 5. 100 kişi
user mesajı 6. 100 bin",2025-06-18 13:31:12
9f2f4c1c-cc81-4321-8a1b-c39490083055,"user mesajı 1. Nişan
user mesajı 2. İstanbul Zeytinburnu
user mesajı 3. Ayin 28
user mesajı 4. 250 300 arası
user mesajı 5. Organizasyon fotoğrafçı
user mesajı 6. Yemekli
user mesajı 7. 45 50 bin
user mesajı 8. Bune",2025-06-18 13:54:56
9f2f60a4-77b7-4f5b-9b09-5dcb57f290fa,"user mesajı 1. merhabalar
user mesajı 2. firma olarak giriş yapmak istiyorum
user mesajı 3. fotoğrafçı
user mesajı 4. aydın nazilli
user mesajı 5. kk
user mesajı 6. müşteri hizmetleri yok m
user mesajı 7. 5415468311
user mesajı 8. çalışmıyor",2025-06-18 14:52:25
9f2f79aa-1ed4-4067-8bd4-e821ee8bf212,"user mesajı 1. Düğün
user mesajı 2. Ankara, pursaklar
user mesajı 3. Düğün mekani
user mesajı 4. 20 eylul
user mesajı 5. Kapali
user mesajı 6. 400
user mesajı 7. Sadece pasta
user mesajı 8. 200",2025-06-18 16:02:19
9f2f8ca2-301f-45bb-8a96-cdfa58644b02,"user mesajı 1. Kına
user mesajı 2. Gaziantep merkez ilçeler
user mesajı 3. Mekan
user mesajı 4. 350
user mesajı 5. Yemeksiz içeçek
user mesajı 6. 25 35 bin  arası
user mesajı 7. 40 bin",2025-06-18 16:55:21
9f2fbfb4-7f5d-4137-aebf-86737d652423,"user mesajı 1. Merhaba 20 temmuz 2025 tarihi akşam 18 de Merter Polis evi Havuzbaşı salonu kiralamak isteyen olurs
user mesajı 2. bana ulaşın lütfen Nisan atildi kporam yanmamsi için bu tarihi kiralmak istiyorum
user mesajı 3. Tşk",2025-06-18 19:19:04
9f2fe1d9-4e6b-45aa-a8cb-49119b45ef3a,"user mesajı 1. Düğün
user mesajı 2. 18 Ağustos
user mesajı 3. İstambul
user mesajı 4. Bahçelievler
user mesajı 5. 100000 pasta içecekler
user mesajı 6. 2.0000 evt
user mesajı 7. 90000
user mesajı 8. Kapalı",2025-06-18 21:07:09
9f303890-a9d7-4d05-b0a3-027844399820,"user mesajı 1. Düğün
user mesajı 2. İzmir buca  30 Ekim  düğün organizasyonu fotoğraflı pasta ve meşrubatlı
user mesajı 3. Davetiye sayısı 70 bütçe 25-35 arası açık alan veya kapalı alan
user mesajı 4. 25 bin 35 bin arası fiyat
user mesajı 5. Bütçem 25-35 bin mekan Gaziemir",2025-06-19 00:56:06
9f308fcd-0bb5-43d2-a2d7-1174bd435638,"user mesajı 1. Düğün
user mesajı 2. Mardin Mazıdağı",2025-06-19 05:00:30
9f309c16-a69e-4861-887d-4c7f38a46a4d,"user mesajı 1. Düğün
user mesajı 2. Kayseri
user mesajı 3. 2ay sonra
user mesajı 4. Merkezde
user mesajı 5. Yemek pasta
user mesajı 6. 100
user mesajı 7. 60
user mesajı 8. Evet mekekgazi",2025-06-19 05:34:24
9f30d2e0-d65c-40ab-959f-a3dcb7651639,"user mesajı 1. Düğün
user mesajı 2. Dostlar düğün salonu 3 e ulaşamıyorum",2025-06-19 08:07:35
9f30f279-629c-4553-9967-26a84245ce7d,"user mesajı 1. Nişan
user mesajı 2. İzmir yemekli
user mesajı 3. Karşıyaka, Bornova, Konak 100 kişi
user mesajı 4. alan türü fark etmez. fiyat fark etmez",2025-06-19 09:36:26
9f30f334-403f-4c4e-bc6d-5a9150f8fcac,"user mesajı 1. Düğün
user mesajı 2. İstanbul tüm ilçeler, 100 davetli
user mesajı 3. Ağustos ayı, yemekli, kişi başı fiyat 2.000, açık alan",2025-06-19 09:37:58
9f3111e5-07fc-463b-828e-6e8aa573b657,"user mesajı 1. kolay gelsin eşimin doğum günü için çocuğumuzla  birlikte yemek planlıyorum
user mesajı 2. tarih 19,06 yani bugün
user mesajı 3. türk mutfağı tercihimizdir
user mesajı 4. 9 yaşında bir çocuk ve 2 yetişkin
user mesajı 5. istanbul avrupa yakası
user mesajı 6. deniz manzaralı tercih edebilirim
user mesajı 7. kişi başı bütçe belirlemedim sizden fiyat alabilirim
user mesajı 8. sarıyer
user mesajı 9. 3 kişilik yer bakıyorum",2025-06-19 11:04:18
9f31350c-ca13-4052-85d6-421f80d0b84d,"user mesajı 1. Kına
user mesajı 2. Fiyat ne kadar
user mesajı 3. Sakarya
user mesajı 4. Toplam bütçe
user mesajı 5. 200 300 kişi",2025-06-19 12:42:07
9f3138b1-c74c-444c-af6e-efa07b171ed3,"user mesajı 1. Nikah
user mesajı 2. Ankara da olacak
user mesajı 3. 2025 Eylül veya Ekim ayı
user mesajı 4. İlçe Altındağ Çankaya Keçiören yenimahalle merkeze çok uzak olmadığı sürece hepsi olabilir
user mesajı 5. Davetli sayısı 500 kişi mekan açık alanda olabilir ferah bir salonda  ikram sadece pasta ve meşrubat",2025-06-19 12:52:25
